{
  "overall_metrics": {
    "accuracy": 0.9727838258164853,
    "precision": 0.9730796527299406,
    "recall": 0.9727838258164853,
    "f1_score": 0.9727848239923258
  },
  "class_performance": {
    "angry": {
      "precision": 0.9746328437917223,
      "recall": 0.9825033647375505,
      "f1_score": 0.9785522788203753
    },
    "disgust": {
      "precision": 0.9770642201834863,
      "recall": 0.9383259911894273,
      "f1_score": 0.9573033707865168
    },
    "fear": {
      "precision": 0.9884057971014493,
      "recall": 0.9605633802816902,
      "f1_score": 0.9742857142857143
    },
    "happy": {
      "precision": 0.9810834049871023,
      "recall": 0.9677692960135709,
      "f1_score": 0.9743808710503843
    },
    "neutral": {
      "precision": 0.96875,
      "recall": 0.9207920792079208,
      "f1_score": 0.9441624365482234
    },
    "sad": {
      "precision": 0.9761904761904762,
      "recall": 0.9910941475826972,
      "f1_score": 0.9835858585858586
    },
    "surprised": {
      "precision": 0.9325153374233128,
      "recall": 0.9764453961456103,
      "f1_score": 0.9539748953974896
    }
  },
  "classification_report": "              precision    recall  f1-score   support\n\n       angry     0.9746    0.9825    0.9786       743\n     disgust     0.9771    0.9383    0.9573       227\n        fear     0.9884    0.9606    0.9743       355\n       happy     0.9811    0.9678    0.9744      1179\n     neutral     0.9688    0.9208    0.9442       101\n         sad     0.9762    0.9911    0.9836       786\n   surprised     0.9325    0.9764    0.9540       467\n\n    accuracy                         0.9728      3858\n   macro avg     0.9712    0.9625    0.9666      3858\nweighted avg     0.9731    0.9728    0.9728      3858\n"
}