{
  "experiment_name": "multimodal_vit_fer_rgb_20250809_152007",
  "mode": "rgb",
  "overall_accuracy": 0.9727838258164853,
  "macro_f1_score": 0.9666064893535091,
  "micro_f1_score": 0.9727838258164853,
  "weighted_f1_score": 0.9727848239923258,
  "per_class_accuracy": {
    "angry": 0.9825033647375505,
    "disgust": 0.9383259911894273,
    "fear": 0.9605633802816902,
    "happy": 0.9677692960135709,
    "neutral": 0.9207920792079208,
    "sad": 0.9910941475826972,
    "surprised": 0.9764453961456103
  }
}