{
  "mode": "rgb",
  "experiment_name": "multimodal_vit_fer_rgb_20250809_152007",
  "final_metrics": {
    "overall_accuracy": 0.9727838258164853,
    "weighted_f1_score": 0.9727848239923258,
    "weighted_precision": 0.9730796527299406,
    "weighted_recall": 0.9727838258164853,
    "macro_f1_score": 0.9666064893535091,
    "micro_f1_score": 0.9727838258164853,
    "macro_precision": 0.9712345828110784,
    "micro_precision": 0.9727838258164853,
    "macro_recall": 0.9624990935940668,
    "micro_recall": 0.9727838258164853
  },
  "per_class_metrics": {
    "classes": [
      "angry",
      "disgust",
      "fear",
      "happy",
      "neutral",
      "sad",
      "surprised"
    ],
    "accuracy": [
      0.9825033647375505,
      0.9383259911894273,
      0.9605633802816902,
      0.9677692960135709,
      0.9207920792079208,
      0.9910941475826972,
      0.9764453961456103
    ],
    "f1_scores": [
      0.9785522788203753,
      0.9573033707865168,
      0.9742857142857143,
      0.9743808710503843,
      0.9441624365482234,
      0.9835858585858586,
      0.9539748953974896
    ],
    "precision": [
      0.9746328437917223,
      0.9770642201834863,
      0.9884057971014493,
      0.9810834049871023,
      0.96875,
      0.9761904761904762,
      0.9325153374233128
    ],
    "recall": [
      0.9825033647375505,
      0.9383259911894273,
      0.9605633802816902,
      0.9677692960135709,
      0.9207920792079208,
      0.9910941475826972,
      0.9764453961456103
    ]
  },
  "confusion_matrix": [
    [
      730,
      2,
      0,
      3,
      0,
      2,
      6
    ],
    [
      0,
      213,
      1,
      0,
      1,
      3,
      9
    ],
    [
      2,
      0,
      341,
      6,
      0,
      3,
      3
    ],
    [
      14,
      0,
      1,
      1141,
      0,
      9,
      14
    ],
    [
      0,
      0,
      2,
      4,
      93,
      1,
      1
    ],
    [
      0,
      2,
      0,
      3,
      2,
      779,
      0
    ],
    [
      3,
      1,
      0,
      6,
      0,
      1,
      456
    ]
  ],
  "training_history": {
    "train": {
      "loss": [
        1.6615344399733167,
        0.9468702764802949,
        0.6655243155990893,
        0.5106095930414576,
        0.4066266141739129,
        0.3358195409240564,
        0.2845637218725261,
        0.2398359831267991,
        0.21531808261152868,
        0.18626946664542826,
        0.17278866785582295,
        0.15631513054872945,
        0.14386926873160055,
        0.12734223414343857,
        0.11654002907641495,
        0.11050527428539617,
        0.10260587753013116,
        0.09085727161418693,
        0.0888632519104947,
        0.08296540993240689,
        0.08208537078329702,
        0.07358916013980288,
        0.07009323483359077,
        0.07094044307381092,
        0.06849020528119189,
        0.062219758299821834,
        0.062257070074058854,
        0.06421061572802342,
        0.06236194737334794,
        0.06001488170929493
      ],
      "accuracy": [
        0.3550311203319502,
        0.6393931535269709,
        0.7528526970954357,
        0.8126296680497925,
        0.8512059128630706,
        0.8796680497925311,
        0.8953578838174274,
        0.9147432572614108,
        0.921875,
        0.9338044605809128,
        0.9380835062240664,
        0.9456690871369294,
        0.9499481327800829,
        0.9542271784232366,
        0.9596732365145229,
        0.9616182572614108,
        0.963628112033195,
        0.9681016597510373,
        0.9703708506224067,
        0.9701763485477178,
        0.9713433609958506,
        0.9745202282157677,
        0.9755575726141079,
        0.9748443983402489,
        0.9764004149377593,
        0.9789937759336099,
        0.9788641078838174,
        0.9778915975103735,
        0.9793827800829875,
        0.9804849585062241
      ],
      "f1": [
        0.3454529576379262,
        0.6350334680284759,
        0.7511658163120833,
        0.811565759061217,
        0.8506390201137185,
        0.8793503334037819,
        0.8950308475968927,
        0.9144658648552434,
        0.9217292296978354,
        0.9336236064107255,
        0.9379198793277508,
        0.945609855046159,
        0.9498575641968171,
        0.9541821345591183,
        0.959601476526501,
        0.9615432807819112,
        0.9636226806458226,
        0.9680426435222046,
        0.9703226546024314,
        0.9701587442017447,
        0.9713030793089583,
        0.9744843222970091,
        0.9755435003458273,
        0.9748263395913911,
        0.9763909033670078,
        0.9789771403245013,
        0.9788392719343616,
        0.9778646801302353,
        0.9793578556405272,
        0.9804658931462942
      ],
      "precision": [
        0.34959076722407906,
        0.6425635039237636,
        0.753404887033457,
        0.8126477469329586,
        0.85093502698236,
        0.8795816897568601,
        0.8952171321045085,
        0.9145043277102683,
        0.9217754847578664,
        0.9336847087664837,
        0.937922805725588,
        0.9456284666284854,
        0.9498699051672337,
        0.9541915936881261,
        0.9595973293374781,
        0.9615599415161378,
        0.9636735594982594,
        0.9680436860266871,
        0.9703289289589058,
        0.9701506044641559,
        0.9713136888491903,
        0.9744857199595185,
        0.9755649657185947,
        0.9748243152881266,
        0.9764077251322928,
        0.9789809660861176,
        0.9788383491221825,
        0.9778784374884015,
        0.9793597352353605,
        0.9804645779630633
      ],
      "recall": [
        0.3550311203319502,
        0.6393931535269709,
        0.7528526970954357,
        0.8126296680497925,
        0.8512059128630706,
        0.8796680497925311,
        0.8953578838174274,
        0.9147432572614108,
        0.921875,
        0.9338044605809128,
        0.9380835062240664,
        0.9456690871369294,
        0.9499481327800829,
        0.9542271784232366,
        0.9596732365145229,
        0.9616182572614108,
        0.963628112033195,
        0.9681016597510373,
        0.9703708506224067,
        0.9701763485477178,
        0.9713433609958506,
        0.9745202282157677,
        0.9755575726141079,
        0.9748443983402489,
        0.9764004149377593,
        0.9789937759336099,
        0.9788641078838174,
        0.9778915975103735,
        0.9793827800829875,
        0.9804849585062241
      ]
    },
    "val": {
      "loss": [
        1.1463346870477535,
        0.720062708559115,
        0.543311175236032,
        0.42428230130968014,
        0.3550201193852858,
        0.3585791413572209,
        0.27183514365479966,
        0.21760265621518302,
        0.18373846412012892,
        0.17467113861367722,
        0.1633327123978414,
        0.16270262210760728,
        0.15736838973566028,
        0.1245041969501652,
        0.11067320505341838,
        0.10715592380859389,
        0.10963713104859733,
        0.09671497386149015,
        0.09800268700808164,
        0.09213114578530869,
        0.08737238897357044,
        0.09374136098637438,
        0.08976677756117703,
        0.08418388653369543,
        0.08664229274284833,
        0.08465191173032388,
        0.08246590623012474,
        0.08325593878826788,
        0.08282928685041929,
        0.08256385393713962
      ],