{
  "mode": "thermal",
  "experiment_name": "multimodal_vit_fer_thermal_20250822_193734",
  "final_metrics": {
    "overall_accuracy": 0.9876781831360232,
    "weighted_f1_score": 0.9876734836029021,
    "weighted_precision": 0.9876729259123687,
    "weighted_recall": 0.9876781831360232,
    "macro_f1_score": 0.9908035365306703,
    "micro_f1_score": 0.9876781831360232,
    "macro_precision": 0.9915125601480169,
    "micro_precision": 0.9876781831360232,
    "macro_recall": 0.990102695090777,
    "micro_recall": 0.9876781831360232
  },
  "per_class_metrics": {
    "classes": [
      "angry",
      "disgust",
      "fear",
      "happy",
      "neutral",
      "sad",
      "surprised"
    ],
    "accuracy": [
      0.9872448979591837,
      1.0,
      0.9969879518072289,
      0.9801816680429397,
      0.991304347826087,
      1.0,
      0.975
    ],
    "f1_scores": [
      0.9859872611464968,
      1.0,
      0.9984917043740573,
      0.9805865344898802,
      0.9956331877729258,
      0.998298355076574,
      0.9766277128547579
    ],
    "precision": [
      0.9847328244274809,
      1.0,
      1.0,
      0.9809917355371901,
      1.0,
      0.9966024915062288,
      0.9782608695652174
    ],
    "recall": [
      0.9872448979591837,
      1.0,
      0.9969879518072289,
      0.9801816680429397,
      0.991304347826087,
      1.0,
      0.975
    ]
  },
  "confusion_matrix": [
    [
      774,
      0,
      0,
      8,
      0,
      0,
      2
    ],
    [
      0,
      217,
      0,
      0,
      0,
      0,
      0
    ],
    [
      0,
      0,
      331,
      0,
      0,
      1,
      0
    ],
    [
      12,
      0,
      0,
      1187,
      0,
      1,
      11
    ],
    [
      0,
      0,
      0,
      0,
      114,
      1,
      0
    ],
    [
      0,
      0,
      0,
      0,
      0,
      880,
      0
    ],
    [
      0,
      0,
      0,
      15,
      0,
      0,
      585
    ]
  ],
  "training_history": {
    "train": {
      "loss": [
        1.5036235241871507,
        0.716491275414738,
        0.43452334026418754,
        0.2948676326403996,
        0.21510324949971482,
        0.17234136886548834,
        0.13374620197409298,
        0.1087083169214096,
        0.09503800268293984,
        0.08254443877939553,
        0.07404607999079088,
        0.06392459343574812,
        0.05835622113647941,
        0.05142667661132777,
        0.04316032223525724,
        0.03728724086294748,
        0.03224620059832391,
        0.031801581064762566,
        0.030034687585687763,
        0.023574433006940884,
        0.023249696554448817,
        0.023149966163559424,
        0.01981848744917425,
        0.019635223192159434,
        0.021609967795278583,
        0.015803147861828185,
        0.016532341749573982,
        0.01680583274016395,
        0.014591051302283229,
        0.01356564601581945
      ],
      "accuracy": [
        0.4132616054158607,
        0.7088974854932302,
        0.8281552224371374,
        0.8852151837524178,
        0.9195478723404256,
        0.9338733075435203,
        0.9484405222437138,
        0.9598041586073501,
        0.963914410058027,
        0.9709260154738878,
        0.973404255319149,
        0.97678916827853,
        0.9790860735009671,
        0.9819269825918762,
        0.9839821083172147,
        0.9852514506769826,
        0.9886363636363636,
        0.9882736943907157,
        0.9908123791102514,
        0.9916586073500967,
        0.991779497098646,
        0.991779497098646,
        0.9929279497098646,
        0.9937741779497099,
        0.9923839458413927,
        0.9943786266924565,
        0.9934719535783365,
        0.9943181818181818,
        0.9948017408123792,
        0.9949226305609284
      ],
      "f1": [
        0.40728620234667284,
        0.7071869463348975,
        0.8281061425407336,
        0.8853496289928398,
        0.9195662849698085,
        0.9338702573554198,
        0.9484796054503268,
        0.9598411800510477,
        0.9639236504822856,
        0.9709248620130596,
        0.9734233107487023,
        0.9768021982019759,
        0.9790879263270524,
        0.9819243415619731,
        0.9839860524036715,
        0.9852533283461767,
        0.9886388092068699,
        0.9882698444062042,
        0.9908121400569073,
        0.9916551509567516,
        0.991780235346193,
        0.991781206767481,
        0.9929287239751275,
        0.9937737571042028,
        0.9923840602957071,
        0.9943781637845808,
        0.993471055816102,
        0.994317261312419,
        0.9948009241662299,
        0.9949233046673078
      ],
      "precision": [
        0.4090118988758473,
        0.7099314656597614,
        0.8287199172477866,
        0.8857065011192315,
        0.9196581409702357,
        0.9339075413207005,
        0.9485426417436192,
        0.9598982316326375,
        0.9639486182795799,
        0.970928242874678,
        0.973456510759306,
        0.9768236032361596,
        0.979091611463171,
        0.9819241432378693,
        0.9839943174839071,
        0.985256931636602,
        0.9886462486615677,
        0.9882680990518311,
        0.9908134283818134,
        0.9916570914497196,
        0.9917816899182589,
        0.9917843177147357,
        0.9929306030339001,
        0.9937742087109066,
        0.9923875248222264,
        0.9943785986902596,
        0.9934718368724835,
        0.994316817999694,
        0.9948037481923431,
        0.9949243076646574
      ],
      "recall": [
        0.4132616054158607,
        0.7088974854932302,
        0.8281552224371374,
        0.8852151837524178,
        0.9195478723404256,
        0.9338733075435203,
        0.9484405222437138,
        0.9598041586073501,
        0.963914410058027,
        0.9709260154738878,
        0.973404255319149,
        0.97678916827853,
        0.9790860735009671,
        0.9819269825918762,
        0.9839821083172147,
        0.9852514506769826,
        0.9886363636363636,
        0.9882736943907157,
        0.9908123791102514,
        0.9916586073500967,
        0.991779497098646,
        0.991779497098646,
        0.9929279497098646,
        0.9937741779497099,
        0.9923839458413927,
        0.9943786266924565,
        0.9934719535783365,
        0.9943181818181818,
        0.9948017408123792,
        0.9949226305609284
      ]
    },
    "val": {
      "loss": [
        0.975377668784215,
        0.5118780152155803,
        0.3413347424222873,
        0.2529824907389971,
        0.21952506776612538,
        0.16549938719433088,
        0.13402244259531682,
        0.11593798113843569,
        0.10631960533702603,
        0.10947281942487909,
        0.08427954780367705,
        0.07820709811595197,
        0.07265265263670768,
        0.07584543641513357,
        0.054892551488816166,
        0.055484800437653366,
        0.05701567885995386,
        0.05173313569136483,
        0.04666588870212973,
        0.047161479858634545,
        0.04739088089451028,
        0.0427827797741674,
        0.04202302525473687,
        0.043125369535958344,
        0.03947678153840221,
        0.040991717201401254,
        0.039486799905157216,
        0.03943301004191408,
        0.03899089512566346,
        0.03894377985363043
      ],