{
  "mode": "combined",
  "experiment_name": "multimodal_vit_fer_combined_20250817_143339",
  "final_metrics": {
    "overall_accuracy": 0.9830917874396136,
    "weighted_f1_score": 0.9830713804541573,
    "weighted_precision": 0.9832025964192181,
    "weighted_recall": 0.9830917874396136,
    "macro_f1_score": 0.9814385942447089,
    "micro_f1_score": 0.9830917874396136,
    "macro_precision": 0.9867572879645785,
    "micro_precision": 0.9830917874396136,
    "macro_recall": 0.976371849149081,
    "micro_recall": 0.9830917874396136
  },
  "per_class_metrics": {
    "classes": [
      "angry",
      "disgust",
      "fear",
      "happy",
      "neutral",
      "sad",
      "surprised"
    ],
    "accuracy": [
      0.9867549668874173,
      0.9777777777777777,
      0.9411764705882353,
      0.9866071428571429,
      0.9629629629629629,
      0.994475138121547,
      0.9848484848484849
    ],
    "f1_scores": [
      0.9867549668874173,
      0.9887640449438202,
      0.9552238805970149,
      0.9822222222222222,
      0.9811320754716981,
      0.9836065573770492,
      0.9923664122137404
    ],
    "precision": [
      0.9867549668874173,
      1.0,
      0.9696969696969697,
      0.9778761061946902,
      1.0,
      0.972972972972973,
      1.0
    ],
    "recall": [
      0.9867549668874173,
      0.9777777777777777,
      0.9411764705882353,
      0.9866071428571429,
      0.9629629629629629,
      0.994475138121547,
      0.9848484848484849
    ]
  },
  "confusion_matrix": [
    [
      149,
      0,
      0,
      2,
      0,
      0,
      0
    ],
    [
      0,
      44,
      1,
      0,
      0,
      0,
      0
    ],
    [
      1,
      0,
      64,
      2,
      0,
      1,
      0
    ],
    [
      1,
      0,
      0,
      221,
      0,
      2,
      0
    ],
    [
      0,
      0,
      0,
      1,
      26,
      0,
      0
    ],
    [
      0,
      0,
      1,
      0,
      0,
      180,
      0
    ],
    [
      0,
      0,
      0,
      0,
      0,
      2,
      130
    ]
  ],
  "training_history": {
    "train": {
      "loss": [
        2.0066540681042717,
        1.3928521182930584,
        0.9744538861571006,
        0.7302804936483068,
        0.5507746607933229,
        0.4058232105617384,
        0.32169899344444275,
        0.2483883244030684,
        0.20228453685791747,
        0.17306313960297595,
        0.1336526479752897,
        0.11978377983227227,
        0.1132813075295134,
        0.09289376797534309,
        0.08841503740659037,
        0.07560785117477757,
        0.06082386391472469,
        0.05231270689327378,
        0.05563545383702855,
        0.048657513082307736,
        0.03615524916959366,
        0.04102767623273782,
        0.03448745854723367,
        0.030417810375033653,
        0.028676713025649486,
        0.03474620967912397,
        0.0276141877735974,
        0.031249732684990553,
        0.037468936174511185,
        0.03176145434822634
      ],
      "accuracy": [
        0.22057038834951456,
        0.4696601941747573,
        0.6295509708737864,
        0.7211771844660194,
        0.7921723300970874,
        0.8546723300970874,
        0.8831917475728155,
        0.90625,
        0.9253640776699029,
        0.9381067961165048,
        0.9523665048543689,
        0.9563106796116505,
        0.9578276699029126,
        0.9635922330097088,
        0.9681432038834952,
        0.9754247572815534,
        0.9793689320388349,
        0.9811893203883495,
        0.9805825242718447,
        0.9805825242718447,
        0.9869538834951457,
        0.9869538834951457,
        0.9872572815533981,
        0.9893810679611651,
        0.9899878640776699,
        0.9869538834951457,
        0.9908980582524272,
        0.9881674757281553,
        0.9869538834951457,
        0.9866504854368932
      ],
      "f1": [
        0.2081346288651655,
        0.4431589642472363,
        0.6150247447125979,
        0.7123792753233301,
        0.7870896766717128,
        0.8531763023333759,
        0.8826282250404115,
        0.9058237367549891,
        0.9251755519350968,
        0.9378518760623332,
        0.9522438574293169,
        0.956285045707226,
        0.9577678281742896,
        0.9634284995627513,
        0.968008956438396,
        0.9753918152086517,
        0.9792938241369096,
        0.9811686748922589,
        0.9805803120396513,
        0.9805165166815711,
        0.986917476208872,
        0.9869460843330478,
        0.9872154891786993,
        0.9893637500313834,
        0.9900023208178338,
        0.9869520981522139,
        0.9908969139370508,
        0.9881553506713338,
        0.9869412715374546,
        0.9866487083756394
      ],
      "precision": [
        0.21155088340451536,
        0.4466654637319251,
        0.6225399862739347,
        0.7153796015854056,
        0.7922844525360943,
        0.8551909878530198,
        0.8831106119387575,
        0.9060542499884828,
        0.925830885511009,
        0.9381113241857669,
        0.9525957019404913,
        0.9562812921551118,
        0.9578392216732448,
        0.9635763423760336,
        0.968074308833082,
        0.9754366231468322,
        0.9793890319636558,
        0.9811772159637276,
        0.9806033013151817,
        0.9805571001082732,
        0.9869425955184913,
        0.986956793956287,
        0.9872862215909448,
        0.9893671163523714,
        0.9900370090075717,
        0.9869738303158511,
        0.9909101101604842,
        0.9881587410967795,
        0.9869442831424449,
        0.9866528319177688
      ],
      "recall": [
        0.22057038834951456,
        0.4696601941747573,
        0.6295509708737864,
        0.7211771844660194,
        0.7921723300970874,
        0.8546723300970874,
        0.8831917475728155,
        0.90625,
        0.9253640776699029,
        0.9381067961165048,
        0.9523665048543689,
        0.9563106796116505,
        0.9578276699029126,
        0.9635922330097088,
        0.9681432038834952,
        0.9754247572815534,
        0.9793689320388349,
        0.9811893203883495,
        0.9805825242718447,
        0.9805825242718447,
        0.9869538834951457,
        0.9869538834951457,
        0.9872572815533981,
        0.9893810679611651,
        0.9899878640776699,
        0.9869538834951457,
        0.9908980582524272,
        0.9881674757281553,
        0.9869538834951457,
        0.9866504854368932
      ]
    },
    "val": {
      "loss": [
        1.7031184022243206,
        1.1812635453847737,
        0.8644385314904727,
        0.7458254729325955,
        0.5266379209665152,
        0.5179844670570813,
        0.4506338588320292,
        0.2847562541182225,
        0.250567110398641,
        0.24364574568775985,
        0.17785857087717608,
        0.16127037744109446,
        0.12683949046410048,
        0.12603110461854017,
        0.12527889733274394,
        0.09732146016680278,
        0.08219946345959145,
        0.0833787747587149,
        0.07559809310791585,
        0.07472213864541398,
        0.08629869007003996,
        0.08350838971539186,
        0.07069642560628171,
        0.07115029542742726,
        0.06847926622364096,
        0.06783512659155978,
        0.07009663762381443,
        0.06812066140656288,
        0.06762972303952736,
        0.06768200951270185
      ],