{
  "overall_metrics": {
    "accuracy": 0.9727838258164853,
    "precision": 0.9729622649051403,
    "recall": 0.9727838258164853,
    "f1_score": 0.9727693066531334
  },
  "class_performance": {
    "angry": {
      "precision": 0.986468200270636,
      "recall": 0.9811574697173621,
      "f1_score": 0.9838056680161943
    },
    "disgust": {
      "precision": 0.9615384615384616,
      "recall": 0.9911894273127754,
      "f1_score": 0.9761388286334056
    },
    "fear": {
      "precision": 0.9710144927536232,
      "recall": 0.9436619718309859,
      "f1_score": 0.9571428571428572
    },
    "happy": {
      "precision": 0.976027397260274,
      "recall": 0.9669211195928753,
      "f1_score": 0.9714529186195143
    },
    "neutral": {
      "precision": 1.0,
      "recall": 0.9306930693069307,
      "f1_score": 0.9641025641025641
    },
    "sad": {
      "precision": 0.9749687108886108,
      "recall": 0.9910941475826972,
      "f1_score": 0.9829652996845426
    },
    "surprised": {
      "precision": 0.941544885177453,
      "recall": 0.9657387580299786,
      "f1_score": 0.9534883720930233
    }
  },
  "classification_report": "              precision    recall  f1-score   support\n\n       angry     0.9865    0.9812    0.9838       743\n     disgust     0.9615    0.9912    0.9761       227\n        fear     0.9710    0.9437    0.9571       355\n       happy     0.9760    0.9669    0.9715      1179\n     neutral     1.0000    0.9307    0.9641       101\n         sad     0.9750    0.9911    0.9830       786\n   surprised     0.9415    0.9657    0.9535       467\n\n    accuracy                         0.9728      3858\n   macro avg     0.9731    0.9672    0.9699      3858\nweighted avg     0.9730    0.9728    0.9728      3858\n"
}