{
  "overall_metrics": {
    "accuracy": 0.9777724087943948,
    "precision": 0.9778937147795265,
    "recall": 0.9777724087943948,
    "f1_score": 0.9776988197895338
  },
  "class_performance": {
    "angry": {
      "precision": 0.9805825242718447,
      "recall": 0.9853658536585366,
      "f1_score": 0.9829683698296837
    },
    "disgust": {
      "precision": 0.9953917050691244,
      "recall": 0.9310344827586207,
      "f1_score": 0.9621380846325167
    },
    "fear": {
      "precision": 0.9832402234636871,
      "recall": 0.9591280653950953,
      "f1_score": 0.9710344827586207
    },
    "happy": {
      "precision": 0.967741935483871,
      "recall": 0.9865092748735245,
      "f1_score": 0.9770354906054279
    },
    "neutral": {
      "precision": 0.9761904761904762,
      "recall": 0.9010989010989011,
      "f1_score": 0.9371428571428572
    },
    "sad": {
      "precision": 0.9861431870669746,
      "recall": 0.9895712630359212,
      "f1_score": 0.9878542510121457
    },
    "surprised": {
      "precision": 0.9724612736660929,
      "recall": 0.9741379310344828,
      "f1_score": 0.9732988802756245
    }
  },
  "classification_report": "              precision    recall  f1-score   support\n\n       angry     0.9806    0.9854    0.9830       820\n     disgust     0.9954    0.9310    0.9621       232\n        fear     0.9832    0.9591    0.9710       367\n       happy     0.9677    0.9865    0.9770      1186\n     neutral     0.9762    0.9011    0.9371        91\n         sad     0.9861    0.9896    0.9879       863\n   surprised     0.9725    0.9741    0.9733       580\n\n    accuracy                         0.9778      4139\n   macro avg     0.9803    0.9610    0.9702      4139\nweighted avg     0.9779    0.9778    0.9777      4139\n"
}