{
  "mode": "rgb",
  "experiment_name": "multimodal_vit_fer_rgb_20250822_145743",
  "final_metrics": {
    "overall_accuracy": 0.9727838258164853,
    "weighted_f1_score": 0.9727693066531334,
    "weighted_precision": 0.9729622649051403,
    "weighted_recall": 0.9727838258164853,
    "macro_f1_score": 0.9698709297560144,
    "micro_f1_score": 0.9727838258164853,
    "macro_precision": 0.973080306841294,
    "micro_precision": 0.9727838258164853,
    "macro_recall": 0.9672079947676578,
    "micro_recall": 0.9727838258164853
  },
  "per_class_metrics": {
    "classes": [
      "angry",
      "disgust",
      "fear",
      "happy",
      "neutral",
      "sad",
      "surprised"
    ],
    "accuracy": [
      0.9811574697173621,
      0.9911894273127754,
      0.9436619718309859,
      0.9669211195928753,
      0.9306930693069307,
      0.9910941475826972,
      0.9657387580299786
    ],
    "f1_scores": [
      0.9838056680161943,
      0.9761388286334056,
      0.9571428571428572,
      0.9714529186195143,
      0.9641025641025641,
      0.9829652996845426,
      0.9534883720930233
    ],
    "precision": [
      0.986468200270636,
      0.9615384615384616,
      0.9710144927536232,
      0.976027397260274,
      1.0,
      0.9749687108886108,
      0.941544885177453
    ],
    "recall": [
      0.9811574697173621,
      0.9911894273127754,
      0.9436619718309859,
      0.9669211195928753,
      0.9306930693069307,
      0.9910941475826972,
      0.9657387580299786
    ]
  },
  "confusion_matrix": [
    [
      729,
      4,
      2,
      2,
      0,
      2,
      4
    ],
    [
      0,
      225,
      0,
      0,
      0,
      0,
      2
    ],
    [
      2,
      1,
      335,
      9,
      0,
      3,
      5
    ],
    [
      7,
      2,
      0,
      1140,
      0,
      15,
      15
    ],
    [
      0,
      0,
      2,
      3,
      94,
      0,
      2
    ],
    [
      0,
      1,
      3,
      3,
      0,
      779,
      0
    ],
    [
      1,
      1,
      3,
      11,
      0,
      0,
      451
    ]
  ],
  "training_history": {
    "train": {
      "loss": [
        1.6653938759659337,
        0.9630609102763575,
        0.675150566823255,
        0.5140781783464043,
        0.4139134579674337,
        0.34501136990101755,
        0.28935849372900374,
        0.25172453574619846,
        0.22416970981632772,
        0.19500983483254664,
        0.17300899389791166,
        0.16289805046271116,
        0.1437293882133957,
        0.13205832332233547,
        0.11966219108505367,
        0.10869027294906405,
        0.10091240364281437,
        0.09420992217617906,
        0.09303176636359349,
        0.0889365628909482,
        0.08150887102032606,
        0.07539786125607673,
        0.07519093491412367,
        0.06963160467472727,
        0.07148676155100256,
        0.06742808402827999,
        0.06147329954196664,
        0.06678625660913676,
        0.06601903748290837,
        0.0639677993282753
      ],
      "accuracy": [
        0.3533454356846473,
        0.6344009336099585,
        0.7452022821576764,
        0.8106198132780082,
        0.8495850622406639,
        0.875713174273859,
        0.8939315352697096,
        0.9094917012448133,
        0.9196058091286307,
        0.932378112033195,
        0.9385373443983402,
        0.9417142116182573,
        0.9475492738589212,
        0.9551996887966805,
        0.9572095435684648,
        0.961423755186722,
        0.9634336099585062,
        0.9668698132780082,
        0.9674533195020747,
        0.9677126556016598,
        0.9717971991701245,
        0.972899377593361,
        0.9732883817427386,
        0.9758817427385892,
        0.9747147302904564,
        0.9761410788381742,
        0.9797717842323651,
        0.9769190871369294,
        0.9771784232365145,
        0.9768542531120332
      ],
      "f1": [
        0.3414434548197903,
        0.6294059845363167,
        0.7436529796467911,
        0.8097808456338623,
        0.8488534610822033,
        0.875227840862686,
        0.8935206069316547,
        0.9091718049784587,
        0.9193343732519962,
        0.9322055756713582,
        0.9384200097433231,
        0.9416029968731777,
        0.9474165541989074,
        0.9551198632973485,
        0.9571323832478008,
        0.9613646031208061,
        0.9633859475440161,
        0.9668220069341329,
        0.9674150593263927,
        0.9676585656481363,
        0.9717573743892743,
        0.9728635778061422,
        0.9732596286620416,
        0.9758429991098648,
        0.9746874384690685,
        0.9761187001370372,
        0.97975485497922,
        0.9769147556810234,
        0.9771311501177339,
        0.9768278389198082
      ],
      "precision": [
        0.34598006821159655,
        0.6374498820811155,
        0.745898877586213,
        0.811153701844601,
        0.8496717955745788,
        0.8757657184899588,
        0.8937302854711334,
        0.909243444986355,
        0.9196378552544204,
        0.9322100114464328,
        0.9384184784635712,
        0.9416123993301891,
        0.9474109680116962,
        0.9551516911382087,
        0.9571375900914545,
        0.9613617591594096,
        0.9633850260867358,
        0.9668339947282408,
        0.9674214260978579,
        0.9676510695955555,
        0.9717660386383793,
        0.9728614482621423,
        0.9732551362234264,
        0.9758454644368475,
        0.974696013426781,
        0.976108996510931,
        0.9797642332567726,
        0.9769236215992609,
        0.9771436075201333,
        0.9768361897246496
      ],
      "recall": [
        0.3533454356846473,
        0.6344009336099585,
        0.7452022821576764,
        0.8106198132780082,
        0.8495850622406639,
        0.875713174273859,
        0.8939315352697096,
        0.9094917012448133,
        0.9196058091286307,
        0.932378112033195,
        0.9385373443983402,
        0.9417142116182573,
        0.9475492738589212,
        0.9551996887966805,
        0.9572095435684648,
        0.961423755186722,
        0.9634336099585062,
        0.9668698132780082,
        0.9674533195020747,
        0.9677126556016598,
        0.9717971991701245,
        0.972899377593361,
        0.9732883817427386,
        0.9758817427385892,
        0.9747147302904564,
        0.9761410788381742,
        0.9797717842323651,
        0.9769190871369294,
        0.9771784232365145,
        0.9768542531120332
      ]
    },
    "val": {
      "loss": [
        1.1532175540924072,
        0.728003902868791,
        0.5456135367805307,
        0.4118507041418848,
        0.3353574502566629,
        0.3167093552587446,
        0.28706970767787665,
        0.22153430598333848,
        0.1976698666564689,
        0.18766948494536817,
        0.16960251556078265,
        0.16129364953799682,
        0.13534178512463393,
        0.1365742025635213,
        0.12006575029251004,
        0.11204456384409188,
        0.10012610668455027,
        0.1109993995883125,
        0.09602873450268276,
        0.10187762333003204,
        0.08438704362954975,
        0.09304277664473788,
        0.08610270306668129,
        0.08317550255201203,
        0.08440577456235024,
        0.08016464126889002,
        0.08043637422244411,
        0.08007089005136662,
        0.07962190914391117,
        0.07957873534226467
      ],