{
  "mode": "rgb",
  "experiment_name": "multimodal_vit_fer_rgb_20250822_145743",
  "final_metrics": {
    "overall_accuracy": 0.9777724087943948,
    "weighted_f1_score": 0.9776988197895338,
    "weighted_precision": 0.9778937147795265,
    "weighted_recall": 0.9777724087943948,
    "macro_f1_score": 0.9702103451795537,
    "micro_f1_score": 0.9777724087943948,
    "macro_precision": 0.98025018931601,
    "micro_precision": 0.9777724087943948,
    "macro_recall": 0.960977967407869,
    "micro_recall": 0.9777724087943948
  },
  "per_class_metrics": {
    "classes": [
      "angry",
      "disgust",
      "fear",
      "happy",
      "neutral",
      "sad",
      "surprised"
    ],
    "accuracy": [
      0.9853658536585366,
      0.9310344827586207,
      0.9591280653950953,
      0.9865092748735245,
      0.9010989010989011,
      0.9895712630359212,
      0.9741379310344828
    ],
    "f1_scores": [
      0.9829683698296837,
      0.9621380846325167,
      0.9710344827586207,
      0.9770354906054279,
      0.9371428571428572,
      0.9878542510121457,
      0.9732988802756245
    ],
    "precision": [
      0.9805825242718447,
      0.9953917050691244,
      0.9832402234636871,
      0.967741935483871,
      0.9761904761904762,
      0.9861431870669746,
      0.9724612736660929
    ],
    "recall": [
      0.9853658536585366,
      0.9310344827586207,
      0.9591280653950953,
      0.9865092748735245,
      0.9010989010989011,
      0.9895712630359212,
      0.9741379310344828
    ]
  },
  "confusion_matrix": [
    [
      808,
      0,
      0,
      12,
      0,
      0,
      0
    ],
    [
      4,
      216,
      2,
      2,
      0,
      2,
      6
    ],
    [
      2,
      0,
      352,
      3,
      1,
      3,
      6
    ],
    [
      7,
      1,
      3,
      1170,
      0,
      2,
      3
    ],
    [
      0,
      0,
      1,
      4,
      82,
      4,
      0
    ],
    [
      0,
      0,
      0,
      8,
      0,
      854,
      1
    ],
    [
      3,
      0,
      0,
      10,
      1,
      1,
      565
    ]
  ],
  "training_history": {
    "train": {
      "loss": [
        1.5865904558558068,
        0.9273410044624911,
        0.6493820387228776,
        0.49738862170933296,
        0.394267737389879,
        0.32537800177384163,
        0.2708197287797236,
        0.23154819716034705,
        0.19892926702935185,
        0.17830158888436207,
        0.15844013647678915,
        0.13885699114014666,
        0.1263199091494458,
        0.11381540210049318,
        0.10551844858807626,
        0.10148777028976272,
        0.09243560409104916,
        0.08688906203942802,
        0.08515764957963087,
        0.07204761772846166,
        0.06904704136322694,
        0.06770286052438253,
        0.06654792741513892,
        0.06139995074876885,
        0.059839040859592484,
        0.05754261200223478,
        0.05932851433569324,
        0.056842207314056564,
        0.059305155233658376,
        0.055554320743353404
      ],
      "accuracy": [
        0.36544970986460346,
        0.6422267891682786,
        0.7547751450676983,
        0.8140715667311412,
        0.8549927466150871,
        0.8803795938104448,
        0.9000846228239845,
        0.9151958413926499,
        0.9277079303675049,
        0.9354448742746615,
        0.9423960348162476,
        0.9493471953578336,
        0.9544850096711799,
        0.9596228239845261,
        0.9611943907156673,
        0.9645188588007737,
        0.9672388781431335,
        0.9690522243713733,
        0.9708051257253385,
        0.973404255319149,
        0.9759429400386848,
        0.9770913926499033,
        0.9760033849129593,
        0.9786025145067698,
        0.9786629593810445,
        0.9781189555125726,
        0.9796300773694391,
        0.9790860735009671,
        0.9790256286266924,
        0.9808994197292069
      ],
      "f1": [
        0.35406424639210027,
        0.6382207529936674,
        0.7532542431562251,
        0.8131729643051454,
        0.8542393274265676,
        0.8798000424036722,
        0.8996407733252012,
        0.9149342691227657,
        0.927476556161396,
        0.9352568655946565,
        0.9422671957991062,
        0.9492017675629977,
        0.9544276908669389,
        0.9595166727702635,
        0.9611330604828181,
        0.9644617186921488,
        0.9671826725116254,
        0.9690198448535138,
        0.9707630032859389,
        0.9733854870991725,
        0.9759242102415144,
        0.9770700840027547,
        0.9759817283650173,
        0.978579007196051,
        0.9786421567177737,
        0.9781020465603855,
        0.9796007480508143,
        0.9790634041780711,
        0.9790100022105099,
        0.9808791870822832
      ],
      "precision": [
        0.35935871058572955,
        0.6444456456092731,
        0.755096140482366,
        0.8145395288866167,
        0.854835917281161,
        0.8801280234947584,
        0.8998565825071579,
        0.9150879902498232,
        0.9275506171068689,
        0.9352915713436416,
        0.942288039733791,
        0.9491901988052354,
        0.9544211069723673,
        0.9595554874440424,
        0.9611296207520404,
        0.9644743974840662,
        0.9671707337228402,
        0.9690176472264027,
        0.9707577675843589,
        0.973395544024312,
        0.9759205661184178,
        0.9770797323608702,
        0.9759818425673576,
        0.9785738756852068,
        0.97864771574815,
        0.978118840273787,
        0.9796262599118745,
        0.979061569517418,
        0.9790364601924431,
        0.98091969220073
      ],
      "recall": [
        0.36544970986460346,
        0.6422267891682786,
        0.7547751450676983,
        0.8140715667311412,
        0.8549927466150871,
        0.8803795938104448,
        0.9000846228239845,
        0.9151958413926499,
        0.9277079303675049,
        0.9354448742746615,
        0.9423960348162476,
        0.9493471953578336,
        0.9544850096711799,
        0.9596228239845261,
        0.9611943907156673,
        0.9645188588007737,
        0.9672388781431335,
        0.9690522243713733,
        0.9708051257253385,
        0.973404255319149,
        0.9759429400386848,
        0.9770913926499033,
        0.9760033849129593,
        0.9786025145067698,
        0.9786629593810445,
        0.9781189555125726,
        0.9796300773694391,
        0.9790860735009671,
        0.9790256286266924,
        0.9808994197292069
      ]
    },
    "val": {
      "loss": [
        1.0589785878474895,
        0.6866500522081669,
        0.5170780761883809,
        0.39531775781741507,
        0.3111689625451198,
        0.273871724995283,
        0.2133040108359777,
        0.19532746959191102,
        0.15926070511341095,
        0.16254955250769854,
        0.1286203956947877,
        0.12357620439993647,
        0.12022977498216698,
        0.10401106726808043,
        0.09440871882431495,
        0.08754009451860419,
        0.08927641614662626,
        0.08486356873674175,
        0.07348406032497923,
        0.07351141851574469,
        0.07103128117204716,
        0.06797292682369097,
        0.06153365681574752,
        0.06372272217905937,
        0.06287499384488911,
        0.06183766390492495,
        0.06068654103213563,
        0.061003590538166466,
        0.06023965097175768,
        0.0602596385914904
      ],