{
  "overall_metrics": {
    "accuracy": 0.6086956521739131,
    "precision": 0.6209902016629496,
    "recall": 0.6086956521739131,
    "f1_score": 0.6067395749031194
  },
  "class_performance": {
    "angry": {
      "precision": 0.5612244897959183,
      "recall": 0.6811145510835913,
      "f1_score": 0.6153846153846154
    },
    "disgust": {
      "precision": 0.5360824742268041,
      "recall": 0.5714285714285714,
      "f1_score": 0.5531914893617021
    },
    "fear": {
      "precision": 0.6589147286821705,
      "recall": 0.5821917808219178,
      "f1_score": 0.6181818181818182
    },
    "happy": {
      "precision": 0.7229551451187335,
      "recall": 0.5756302521008403,
      "f1_score": 0.6409356725146199
    },
    "neutral": {
      "precision": 0.6363636363636364,
      "recall": 0.16279069767441862,
      "f1_score": 0.25925925925925924
    },
    "sad": {
      "precision": 0.6565934065934066,
      "recall": 0.7242424242424242,
      "f1_score": 0.6887608069164265
    },
    "surprised": {
      "precision": 0.4612676056338028,
      "recall": 0.5303643724696356,
      "f1_score": 0.4934086629001883
    }
  },
  "classification_report": "              precision    recall  f1-score   support\n\n       angry     0.5612    0.6811    0.6154       323\n     disgust     0.5361    0.5714    0.5532        91\n        fear     0.6589    0.5822    0.6182       146\n       happy     0.7230    0.5756    0.6409       476\n     neutral     0.6364    0.1628    0.2593        43\n         sad     0.6566    0.7242    0.6888       330\n   surprised     0.4613    0.5304    0.4934       247\n\n    accuracy                         0.6087      1656\n   macro avg     0.6048    0.5468    0.5527      1656\nweighted avg     0.6210    0.6087    0.6067      1656\n"
}