{
  "mode": "combined",
  "experiment_name": "multimodal_vit_fer_combined_20250717_181507",
  "final_metrics": {
    "overall_accuracy": 0.6086956521739131,
    "weighted_f1_score": 0.6067395749031194,
    "weighted_precision": 0.6209902016629496,
    "weighted_recall": 0.6086956521739131,
    "macro_f1_score": 0.5527317606455184,
    "micro_f1_score": 0.6086956521739131,
    "macro_precision": 0.6047716409163532,
    "micro_precision": 0.6086956521739131,
    "macro_recall": 0.5468232356887712,
    "micro_recall": 0.6086956521739131
  },
  "per_class_metrics": {
    "classes": [
      "angry",
      "disgust",
      "fear",
      "happy",
      "neutral",
      "sad",
      "surprised"
    ],
    "accuracy": [
      0.6811145510835913,
      0.5714285714285714,
      0.5821917808219178,
      0.5756302521008403,
      0.16279069767441862,
      0.7242424242424242,
      0.5303643724696356
    ],
    "f1_scores": [
      0.6153846153846154,
      0.5531914893617021,
      0.6181818181818182,
      0.6409356725146199,
      0.25925925925925924,
      0.6887608069164265,
      0.4934086629001883
    ],
    "precision": [
      0.5612244897959183,
      0.5360824742268041,
      0.6589147286821705,
      0.7229551451187335,
      0.6363636363636364,
      0.6565934065934066,
      0.4612676056338028
    ],
    "recall": [
      0.6811145510835913,
      0.5714285714285714,
      0.5821917808219178,
      0.5756302521008403,
      0.16279069767441862,
      0.7242424242424242,
      0.5303643724696356
    ]
  },
  "confusion_matrix": [
    [
      220,
      14,
      7,
      14,
      1,
      22,
      45
    ],
    [
      13,
      52,
      2,
      1,
      1,
      4,
      18
    ],
    [
      8,
      4,
      85,
      8,
      0,
      22,
      19
    ],
    [
      77,
      13,
      2,
      274,
      2,
      53,
      55
    ],
    [
      1,
      1,
      10,
      8,
      7,
      15,
      1
    ],
    [
      1,
      3,
      19,
      53,
      0,
      239,
      15
    ],
    [
      72,
      10,
      4,
      21,
      0,
      9,
      131
    ]
  ],
  "training_history": {
    "train": {
      "loss": [
        1.9604353719544643,
        1.6068531384745848,
        1.4473924127597253,
        1.312006801366806,
        1.1845439455462892,
        1.1031275307669224,
        1.043210479240973,
        0.9953766051426675,
        0.9827999194848884,
        0.9650561774818642
      ],
      "accuracy": [
        0.23634708737864077,
        0.35179004854368934,
        0.4082220873786408,
        0.4540351941747573,
        0.5106189320388349,
        0.539745145631068,
        0.5662924757281553,
        0.5851031553398058,
        0.5976941747572816,
        0.6005764563106796
      ],
      "f1": [
        0.23321502710202463,
        0.3296031318110534,
        0.3909719497350673,
        0.44262418689241423,
        0.5029936618271973,
        0.5341026321229503,
        0.561798854171198,
        0.580597696373618,
        0.5943934902874762,
        0.5982885454718416
      ],
      "precision": [
        0.2370605320488509,
        0.33689645633508236,
        0.4000399538470216,
        0.44862162787527293,
        0.5072448744813014,
        0.5372312132199342,
        0.564280670455165,
        0.5833385605261309,
        0.5968518949250935,
        0.6034456003604404
      ],
      "recall": [
        0.23634708737864077,
        0.35179004854368934,
        0.4082220873786408,
        0.4540351941747573,
        0.5106189320388349,
        0.539745145631068,
        0.5662924757281553,
        0.5851031553398058,
        0.5976941747572816,
        0.6005764563106796
      ]
    },
    "val": {
      "loss": [
        1.6391734435008123,
        1.4830385400698736,
        1.3221616928394024,
        1.2040629192040517,
        1.0964342195254106,
        1.0552344368054316,
        0.9992384211375163,
        0.9695800760617623,
        0.9659701322133725,
        0.9622981215898807
      ],
      "accuracy": [
        0.32910628019323673,
        0.3743961352657005,
        0.45893719806763283,
        0.5018115942028986,
        0.5392512077294686,
        0.5700483091787439,
        0.589975845410628,
        0.607487922705314,
        0.6086956521739131,
        0.6086956521739131
      ],
      "f1": [
        0.3047789738384028,
        0.34437336451448575,
        0.4462234173837022,
        0.4981908415317137,
        0.5296935520311352,
        0.5732523873744958,
        0.5884744499708974,
        0.6074314519828249,
        0.6076385944659063,
        0.6067395749031194
      ],
      "precision": [
        0.31824522283525136,
        0.37761322093057725,
        0.481539015153934,
        0.5149488700965065,
        0.535347820718596,
        0.6104992021022083,
        0.6073155352455076,
        0.6241859448130848,
        0.6238072240505905,
        0.6209902016629496
      ],
      "recall": [
        0.32910628019323673,
        0.3743961352657005,
        0.45893719806763283,
        0.5018115942028986,
        0.5392512077294686,
        0.5700483091787439,
        0.589975845410628,
        0.607487922705314,
        0.6086956521739131,
        0.6086956521739131
      ]
    }
  },
  "detailed_analysis": {
    "overall_metrics": {
      "accuracy": 0.6086956521739131,
      "precision": 0.6209902016629496,
      "recall": 0.6086956521739131,
      "f1_score": 0.6067395749031194
    },
    "class_performance": {
      "angry": {
        "precision": 0.5612244897959183,
        "recall": 0.6811145510835913,
        "f1_score": 0.6153846153846154
      },
      "disgust": {
        "precision": 0.5360824742268041,
        "recall": 0.5714285714285714,
        "f1_score": 0.5531914893617021
      },
      "fear": {
        "precision": 0.6589147286821705,
        "recall": 0.5821917808219178,
        "f1_score": 0.6181818181818182
      },
      "happy": {
        "precision": 0.7229551451187335,
        "recall": 0.5756302521008403,
        "f1_score": 0.6409356725146199
      },
      "neutral": {
        "precision": 0.6363636363636364,
        "recall": 0.16279069767441862,
        "f1_score": 0.25925925925925924
      },
      "sad": {
        "precision": 0.6565934065934066,
        "recall": 0.7242424242424242,
        "f1_score": 0.6887608069164265
      },
      "surprised": {
        "precision": 0.4612676056338028,
        "recall": 0.5303643724696356,
        "f1_score": 0.4934086629001883
      }
    },
    "classification_report": "              precision    recall  f1-score   support\n\n       angry     0.5612    0.6811    0.6154       323\n     disgust     0.5361    0.5714    0.5532        91\n        fear     0.6589    0.5822    0.6182       146\n       happy     0.7230    0.5756    0.6409       476\n     neutral     0.6364    0.1628    0.2593        43\n         sad     0.6566    0.7242    0.6888       330\n   surprised     0.4613    0.5304    0.4934       247\n\n    accuracy                         0.6087      1656\n   macro avg     0.6048    0.5468    0.5527      1656\nweighted avg     0.6210    0.6087    0.6067      1656\n"
  }
}