{
  "experiment_name": "multimodal_vit_fer_combined_20250821_104017",
  "mode": "combined",
  "overall_accuracy": 0.8321256038647343,
  "macro_f1_score": 0.8013555262008417,
  "micro_f1_score": 0.8321256038647343,
  "weighted_f1_score": 0.8301997541350312,
  "per_class_accuracy": {
    "angry": 0.7961783439490446,
    "disgust": 0.972972972972973,
    "fear": 0.821917808219178,
    "happy": 0.7975206611570248,
    "neutral": 0.38095238095238093,
    "sad": 0.8497109826589595,
    "surprised": 0.96
  }
}