{
  "mode": "combined",
  "experiment_name": "multimodal_vit_fer_combined_20250821_104017",
  "final_metrics": {
    "overall_accuracy": 0.8073671497584541,
    "weighted_f1_score": 0.8063693955389103,
    "weighted_precision": 0.808991588810343,
    "weighted_recall": 0.8073671497584541,
    "macro_f1_score": 0.7898512297444731,
    "micro_f1_score": 0.8073671497584541,
    "macro_precision": 0.816500263476189,
    "micro_precision": 0.8073671497584541,
    "macro_recall": 0.774350380696191,
    "micro_recall": 0.8073671497584541
  },
  "per_class_metrics": {
    "classes": [
      "angry",
      "disgust",
      "fear",
      "happy",
      "neutral",
      "sad",
      "surprised"
    ],
    "accuracy": [
      0.8721311475409836,
      0.759493670886076,
      0.7746478873239436,
      0.7974947807933194,
      0.6486486486486487,
      0.9013698630136986,
      0.6666666666666666
    ],
    "f1_scores": [
      0.8222565687789799,
      0.7272727272727273,
      0.8239700374531835,
      0.8101802757158006,
      0.7741935483870968,
      0.8808567603748326,
      0.6902286902286903
    ],
    "precision": [
      0.7777777777777778,
      0.6976744186046512,
      0.88,
      0.8232758620689655,
      0.96,
      0.8612565445026178,
      0.7155172413793104
    ],
    "recall": [
      0.8721311475409836,
      0.759493670886076,
      0.7746478873239436,
      0.7974947807933194,
      0.6486486486486487,
      0.9013698630136986,
      0.6666666666666666
    ]
  },
  "confusion_matrix": [
    [
      266,
      8,
      0,
      13,
      0,
      1,
      17
    ],
    [
      7,
      60,
      0,
      0,
      0,
      0,
      12
    ],
    [
      4,
      6,
      110,
      0,
      0,
      18,
      4
    ],
    [
      37,
      1,
      6,
      382,
      1,
      22,
      30
    ],
    [
      0,
      0,
      1,
      7,
      24,
      5,
      0
    ],
    [
      0,
      3,
      7,
      23,
      0,
      329,
      3
    ],
    [
      28,
      8,
      1,
      39,
      0,
      7,
      166
    ]
  ],
  "training_history": {
    "train": {
      "loss": [
        1.9748105869709867,
        1.5893682114128929,
        1.4070779487345983,
        1.2760590598421189,
        1.1561747786489505,
        1.0539610594221689,
        0.9758804770349299,
        0.9061269233527692,
        0.8349611394613692,
        0.7774411895610753,
        0.7258244994485262,
        0.6926935508991908,
        0.6681178346710298,
        0.6343220700916735,
        0.6062667035651439,
        0.5825085260914368,
        0.5488366760964533,
        0.5409356159637275,
        0.5297766978879577,
        0.5204570760715355,
        0.5057517123019811,
        0.49410165050654736,
        0.487466838246989,
        0.47805694548539746,
        0.4710652880298281,
        0.46555404871412853,
        0.46919877928437537,
        0.4510026068508046,
        0.4606222660796156,
        0.45866912574444
      ],
      "accuracy": [
        0.247876213592233,
        0.35209344660194175,
        0.4199029126213592,
        0.4701152912621359,
        0.5236650485436893,
        0.5685679611650486,
        0.6069478155339806,
        0.6307645631067961,
        0.6627730582524272,
        0.6824939320388349,
        0.7081310679611651,
        0.7173847087378641,
        0.7369538834951457,
        0.7434769417475728,
        0.7557645631067961,
        0.7638046116504854,
        0.7830703883495146,
        0.7817050970873787,
        0.7914138349514563,
        0.7870145631067961,
        0.7979368932038835,
        0.8023361650485437,
        0.8046116504854369,
        0.8149271844660194,
        0.8134101941747572,
        0.8125,
        0.8129550970873787,
        0.8235740291262136,
        0.8175060679611651,
        0.8216019417475728
      ],
      "f1": [
        0.2403633868299276,
        0.3320792729625291,
        0.407190138996829,
        0.45992099589976926,
        0.5155866027848731,
        0.5631143252868642,
        0.6027510559398238,
        0.6281077284291711,
        0.6611969832951793,
        0.6819353116712599,
        0.7069730272780612,
        0.7167992364154708,
        0.736469652834633,
        0.7433274170870056,
        0.7551529068666064,
        0.7637586302775257,
        0.7831252045393501,
        0.7815772413643981,
        0.7915165167281396,
        0.7868017088467666,
        0.7977183154771098,
        0.8025773601822186,
        0.8045375743103295,
        0.814842537017841,
        0.8130604348242462,
        0.8126865872308321,
        0.8127994853056235,
        0.8237266856196754,
        0.817414767425591,
        0.8215550027191971
      ],
      "precision": [
        0.2491305214261107,
        0.3315644038464987,
        0.4040506607669738,
        0.4613644312197604,
        0.5195190306317277,
        0.5667113157661156,
        0.6062591421556304,
        0.6298274989745385,
        0.6634947501116181,
        0.6841271063476334,
        0.7077981854167115,
        0.7177922102696483,
        0.7376744410861864,
        0.7446676727798788,
        0.7555889223272794,
        0.764785200701114,
        0.7841552170687967,
        0.7825015331903238,
        0.7925105503987123,
        0.7872605243094483,
        0.7985038343807982,
        0.8035098078823307,
        0.8051657345254749,
        0.8153554821823381,
        0.8136019275502525,
        0.8133953903422972,
        0.8133142931366159,
        0.8247588418933692,
        0.8179472008350096,
        0.8223488083927669
      ],
      "recall": [
        0.247876213592233,
        0.35209344660194175,
        0.4199029126213592,
        0.4701152912621359,
        0.5236650485436893,
        0.5685679611650486,
        0.6069478155339806,
        0.6307645631067961,
        0.6627730582524272,
        0.6824939320388349,
        0.7081310679611651,
        0.7173847087378641,
        0.7369538834951457,
        0.7434769417475728,
        0.7557645631067961,
        0.7638046116504854,
        0.7830703883495146,
        0.7817050970873787,
        0.7914138349514563,
        0.7870145631067961,
        0.7979368932038835,
        0.8023361650485437,
        0.8046116504854369,
        0.8149271844660194,
        0.8134101941747572,
        0.8125,
        0.8129550970873787,
        0.8235740291262136,
        0.8175060679611651,
        0.8216019417475728
      ]
    },
    "val": {
      "loss": [
        1.6028059812692494,
        1.3895045175002172,
        1.244438384587948,
        1.1208343322460468,
        1.023070792739208,
        0.9176481343232669,
        0.862565740942955,
        0.7926665945694997,
        0.7846871774930221,
        0.7233545103898416,
        0.674146949671782,
        0.6490711042514214,
        0.612121191735451,
        0.6222715819111238,
        0.5751377831284816,
        0.5548981130123138,
        0.5576129326453576,
        0.5139753182347004,
        0.5098080296929066,
        0.49477525915090853,
        0.4909931544501048,
        0.4949559345841408,
        0.47383325088482636,
        0.4717404389610657,
        0.46287137212661594,
        0.466218193849692,
        0.4626490043906065,
        0.46087781110635173,
        0.46023824409796643,
        0.46020936220884323
      ],