{
  "mode": "combined",
  "experiment_name": "multimodal_vit_fer_combined_20250821_104017",
  "final_metrics": {
    "overall_accuracy": 0.8321256038647343,
    "weighted_f1_score": 0.8301997541350312,
    "weighted_precision": 0.8395475297377423,
    "weighted_recall": 0.8321256038647343,
    "macro_f1_score": 0.8013555262008417,
    "micro_f1_score": 0.8321256038647343,
    "macro_precision": 0.8525597453031211,
    "micro_precision": 0.8321256038647343,
    "macro_recall": 0.7970361642727944,
    "micro_recall": 0.8321256038647343
  },
  "per_class_metrics": {
    "classes": [
      "angry",
      "disgust",
      "fear",
      "happy",
      "neutral",
      "sad",
      "surprised"
    ],
    "accuracy": [
      0.7961783439490446,
      0.972972972972973,
      0.821917808219178,
      0.7975206611570248,
      0.38095238095238093,
      0.8497109826589595,
      0.96
    ],
    "f1_scores": [
      0.8169934640522876,
      0.8275862068965517,
      0.851063829787234,
      0.8247863247863247,
      0.5517241379310345,
      0.7924528301886793,
      0.9448818897637795
    ],
    "precision": [
      0.8389261744966443,
      0.72,
      0.8823529411764706,
      0.8539823008849557,
      1.0,
      0.7424242424242424,
      0.9302325581395349
    ],
    "recall": [
      0.7961783439490446,
      0.972972972972973,
      0.821917808219178,
      0.7975206611570248,
      0.38095238095238093,
      0.8497109826589595,
      0.96
    ]
  },
  "confusion_matrix": [
    [
      125,
      8,
      0,
      21,
      0,
      3,
      0
    ],
    [
      0,
      36,
      0,
      0,
      0,
      1,
      0
    ],
    [
      2,
      5,
      60,
      0,
      0,
      6,
      0
    ],
    [
      20,
      0,
      2,
      193,
      0,
      27,
      0
    ],
    [
      0,
      1,
      0,
      3,
      8,
      9,
      0
    ],
    [
      2,
      0,
      6,
      9,
      0,
      147,
      9
    ],
    [
      0,
      0,
      0,
      0,
      0,
      5,
      120
    ]
  ],
  "training_history": {
    "train": {
      "loss": [
        2.1428066260606338,
        1.5231926799977866,
        1.2866848747707107,
        1.1460904803090883,
        1.019389853315446,
        0.9299964233509546,
        0.8576457367360013,
        0.7936067170309788,
        0.741856665287203,
        0.7030527397845555,
        0.6510050253382007,
        0.622245501112012,
        0.5724995917486913,
        0.5535768637958082,
        0.5427468957252872,
        0.5262776031656172,
        0.5074398848906304,
        0.4909030141182316,
        0.4754698486293404,
        0.4613332252189951,
        0.44539298594576643,
        0.43881253102450696,
        0.41349939524548723,
        0.43599900863703017,
        0.41867453236024355,
        0.41318307209362104,
        0.4013618970090903,
        0.40849390915296613,
        0.4071754479003184,
        0.41433680838751563
      ],
      "accuracy": [
        0.252123786407767,
        0.41535194174757284,
        0.4966626213592233,
        0.5257888349514563,
        0.5761529126213593,
        0.6192354368932039,
        0.6389563106796117,
        0.6777912621359223,
        0.691747572815534,
        0.714502427184466,
        0.7336165048543689,
        0.7381674757281553,
        0.7688106796116505,
        0.774878640776699,
        0.7821601941747572,
        0.7836771844660194,
        0.808252427184466,
        0.7967233009708737,
        0.8046116504854369,
        0.8149271844660194,
        0.818871359223301,
        0.8191747572815534,
        0.8413228155339806,
        0.8216019417475728,
        0.8367718446601942,
        0.8370752427184466,
        0.8337378640776699,
        0.8304004854368932,
        0.839502427184466,
        0.8349514563106796
      ],
      "f1": [
        0.2202246364612222,
        0.39094219061922947,
        0.47070787896500943,
        0.5084888299968691,
        0.5638147463943771,
        0.6079282302837917,
        0.6295457982369261,
        0.6704699494290678,
        0.6852524314014757,
        0.710025047025927,
        0.7300265535599207,
        0.7352686633372518,
        0.7664201556668438,
        0.7720976602634108,
        0.7806334142230525,
        0.7827601605093647,
        0.8072326933906732,
        0.7956055039676476,
        0.8034096127968438,
        0.8139840783080882,
        0.8185458032846937,
        0.8183382997348515,
        0.8399766422390383,
        0.8202285697319665,
        0.8357132550814276,
        0.8362820332901844,
        0.8332842363874938,
        0.8293895861793775,
        0.8387271454804479,
        0.8340134118599623
      ],
      "precision": [
        0.2969606208611956,
        0.3831207310193223,
        0.4652831953749846,
        0.5070678030612293,
        0.5662794579723665,
        0.6118766937248431,
        0.6315517922679548,
        0.675879646827949,
        0.6868053580417343,
        0.7128144572614299,
        0.7338258540644558,
        0.7378179935948258,
        0.7680734970799502,
        0.7740490889480697,
        0.7817430218644676,
        0.7841941470769361,
        0.8077665601866543,
        0.7961698771351973,
        0.804070786423667,
        0.8140238731060498,
        0.8197738941286368,
        0.8191341068223936,
        0.8404701010783607,
        0.8214692162016746,
        0.8369301244157471,
        0.8373094088107798,
        0.8345964809025853,
        0.8304816561674256,
        0.8396642374868044,
        0.8345406579207565
      ],
      "recall": [
        0.252123786407767,
        0.41535194174757284,
        0.4966626213592233,
        0.5257888349514563,
        0.5761529126213593,
        0.6192354368932039,
        0.6389563106796117,
        0.6777912621359223,
        0.691747572815534,
        0.714502427184466,
        0.7336165048543689,
        0.7381674757281553,
        0.7688106796116505,
        0.774878640776699,
        0.7821601941747572,
        0.7836771844660194,
        0.808252427184466,
        0.7967233009708737,
        0.8046116504854369,
        0.8149271844660194,
        0.818871359223301,
        0.8191747572815534,
        0.8413228155339806,
        0.8216019417475728,
        0.8367718446601942,
        0.8370752427184466,
        0.8337378640776699,
        0.8304004854368932,
        0.839502427184466,
        0.8349514563106796
      ]
    },
    "val": {
      "loss": [
        1.6738298764595618,
        1.307557238982274,
        1.1000526295258448,
        0.9889333087664384,
        0.8990962642889756,
        0.7957889345976022,
        0.7422210505375495,
        0.6775774841125195,
        0.6390555397822306,
        0.625128143108808,
        0.5499270993929642,
        0.5781936118235955,
        0.4925148830964015,
        0.48384695328198946,
        0.48105284113150376,
        0.46132070284623367,
        0.43418756127357483,
        0.4189530840286842,
        0.4369860039307521,
        0.4139284772368578,
        0.4072074672350517,
        0.40796106251386494,
        0.39403637785177964,
        0.41364336988100636,
        0.40568493478573286,
        0.40106603847100186,
        0.39824860714949095,
        0.39962065334503466,
        0.39867312575762087,
        0.3984109891148714
      ],