{
  "overall_metrics": {
    "accuracy": 0.9470886687605702,
    "precision": 0.9474511338915726,
    "recall": 0.9470886687605702,
    "f1_score": 0.9472084012278806
  },
  "class_performance": {
    "angry": {
      "precision": 0.9420849420849421,
      "recall": 0.9348659003831418,
      "f1_score": 0.9384615384615385
    },
    "disgust": {
      "precision": 0.9714285714285714,
      "recall": 0.9902912621359223,
      "f1_score": 0.9807692307692307
    },
    "fear": {
      "precision": 0.9823529411764705,
      "recall": 0.9709302325581395,
      "f1_score": 0.9766081871345029
    },
    "happy": {
      "precision": 0.9370860927152318,
      "recall": 0.9301561216105176,
      "f1_score": 0.9336082474226804
    },
    "neutral": {
      "precision": 0.9821428571428571,
      "recall": 0.9401709401709402,
      "f1_score": 0.9606986899563319
    },
    "sad": {
      "precision": 0.9908466819221968,
      "recall": 0.9908466819221968,
      "f1_score": 0.9908466819221968
    },
    "surprised": {
      "precision": 0.8770226537216829,
      "recall": 0.9063545150501672,
      "f1_score": 0.8914473684210527
    }
  },
  "classification_report": "              precision    recall  f1-score   support\n\n       angry     0.9421    0.9349    0.9385       783\n     disgust     0.9714    0.9903    0.9808       206\n        fear     0.9824    0.9709    0.9766       344\n       happy     0.9371    0.9302    0.9336      1217\n     neutral     0.9821    0.9402    0.9607       117\n         sad     0.9908    0.9908    0.9908       874\n   surprised     0.8770    0.9064    0.8914       598\n\n    accuracy                         0.9471      4139\n   macro avg     0.9547    0.9519    0.9532      4139\nweighted avg     0.9475    0.9471    0.9472      4139\n"
}