{
  "mode": "thermal",
  "experiment_name": "multimodal_vit_fer_thermal_20250715_084533",
  "final_metrics": {
    "overall_accuracy": 0.9470886687605702,
    "weighted_f1_score": 0.9472084012278806,
    "weighted_precision": 0.9474511338915726,
    "weighted_recall": 0.9470886687605702,
    "macro_f1_score": 0.9532057062982192,
    "micro_f1_score": 0.9470886687605702,
    "macro_precision": 0.9547092485988503,
    "micro_precision": 0.9470886687605702,
    "macro_recall": 0.9519450934044322,
    "micro_recall": 0.9470886687605702
  },
  "per_class_metrics": {
    "classes": [
      "angry",
      "disgust",
      "fear",
      "happy",
      "neutral",
      "sad",
      "surprised"
    ],
    "accuracy": [
      0.9348659003831418,
      0.9902912621359223,
      0.9709302325581395,
      0.9301561216105176,
      0.9401709401709402,
      0.9908466819221968,
      0.9063545150501672
    ],
    "f1_scores": [
      0.9384615384615385,
      0.9807692307692307,
      0.9766081871345029,
      0.9336082474226804,
      0.9606986899563319,
      0.9908466819221968,
      0.8914473684210527
    ],
    "precision": [
      0.9420849420849421,
      0.9714285714285714,
      0.9823529411764705,
      0.9370860927152318,
      0.9821428571428571,
      0.9908466819221968,
      0.8770226537216829
    ],
    "recall": [
      0.9348659003831418,
      0.9902912621359223,
      0.9709302325581395,
      0.9301561216105176,
      0.9401709401709402,
      0.9908466819221968,
      0.9063545150501672
    ]
  },
  "confusion_matrix": [
    [
      732,
      1,
      0,
      36,
      0,
      0,
      14
    ],
    [
      0,
      204,
      0,
      0,
      0,
      0,
      2
    ],
    [
      0,
      0,
      334,
      2,
      0,
      2,
      6
    ],
    [
      22,
      0,
      3,
      1132,
      1,
      5,
      54
    ],
    [
      0,
      0,
      0,
      6,
      110,
      1,
      0
    ],
    [
      0,
      0,
      2,
      5,
      1,
      866,
      0
    ],
    [
      23,
      5,
      1,
      27,
      0,
      0,
      542
    ]
  ],
  "training_history": {
    "train": {
      "loss": [
        1.5512264197984102,
        0.7282725990222086,
        0.44549016631433536,
        0.3181543974656201,
        0.2366793132035829,
        0.1995243132330578,
        0.16175274742943752,
        0.14642033277428934,
        0.1335794771598144,
        0.12654265593845448
      ],
      "accuracy": [
        0.4052828820116054,
        0.7059356866537717,
        0.8240449709864603,
        0.8747582205029013,
        0.9076402321083172,
        0.9238394584139265,
        0.9396760154738878,
        0.9463249516441006,
        0.9483196324951644,
        0.9540618955512572
      ],
      "f1": [
        0.3951923869743546,
        0.7049020410607093,
        0.8238560697778392,
        0.8748815859066552,
        0.9076448461706313,
        0.923807001070057,
        0.9397006516873858,
        0.9463693065580887,
        0.9482997430567831,
        0.9541275215362941
      ],
      "precision": [
        0.4040524975268615,
        0.7070185069941367,
        0.8243585140398575,
        0.8752409816124963,
        0.9078595258178696,
        0.9238342602668153,
        0.9397820393264114,
        0.9464626696622438,
        0.9483376744750197,
        0.9542520193183048
      ],
      "recall": [
        0.4052828820116054,
        0.7059356866537717,
        0.8240449709864603,
        0.8747582205029013,
        0.9076402321083172,
        0.9238394584139265,
        0.9396760154738878,
        0.9463249516441006,
        0.9483196324951644,
        0.9540618955512572
      ]
    },
    "val": {
      "loss": [
        0.986898914208779,
        0.5180151048761148,
        0.3649574977847246,
        0.27810468943073197,
        0.2128975065281758,
        0.18342110325510685,
        0.15535102880631502,
        0.15131060841421667,
        0.14489891312013453,
        0.14418409508294783
      ],
      "accuracy": [
        0.5962792945155835,
        0.7927035515825078,
        0.8574534911814448,
        0.8953853587823146,
        0.9151969074655714,
        0.9294515583474269,
        0.9449142304904566,
        0.9439478134815172,
        0.9461222517516308,
        0.9470886687605702
      ],
      "f1": [
        0.5816119251350159,
        0.7886299304446298,
        0.85915294656566,
        0.8941002852050337,
        0.9154653017213064,
        0.929948288791037,
        0.9449292436107715,
        0.9440470525954959,
        0.9461244857646428,
        0.9472084012278806
      ],
      "precision": [
        0.6142515775906723,
        0.8039676438191837,
        0.8658260496881199,
        0.8957760500641911,
        0.9172742797589647,
        0.9313271215602289,
        0.9452125315049615,
        0.9444049814196604,
        0.9462373052370711,
        0.9474511338915726
      ],
      "recall": [
        0.5962792945155835,
        0.7927035515825078,
        0.8574534911814448,
        0.8953853587823146,
        0.9151969074655714,
        0.9294515583474269,
        0.9449142304904566,
        0.9439478134815172,
        0.9461222517516308,
        0.9470886687605702
      ]
    }
  },
  "detailed_analysis": {
    "overall_metrics": {
      "accuracy": 0.9470886687605702,
      "precision": 0.9474511338915726,
      "recall": 0.9470886687605702,
      "f1_score": 0.9472084012278806
    },
    "class_performance": {
      "angry": {
        "precision": 0.9420849420849421,
        "recall": 0.9348659003831418,
        "f1_score": 0.9384615384615385
      },
      "disgust": {
        "precision": 0.9714285714285714,
        "recall": 0.9902912621359223,
        "f1_score": 0.9807692307692307
      },
      "fear": {
        "precision": 0.9823529411764705,
        "recall": 0.9709302325581395,
        "f1_score": 0.9766081871345029
      },
      "happy": {
        "precision": 0.9370860927152318,
        "recall": 0.9301561216105176,
        "f1_score": 0.9336082474226804
      },
      "neutral": {
        "precision": 0.9821428571428571,
        "recall": 0.9401709401709402,
        "f1_score": 0.9606986899563319
      },
      "sad": {
        "precision": 0.9908466819221968,
        "recall": 0.9908466819221968,
        "f1_score": 0.9908466819221968
      },
      "surprised": {
        "precision": 0.8770226537216829,
        "recall": 0.9063545150501672,
        "f1_score": 0.8914473684210527
      }
    },
    "classification_report": "              precision    recall  f1-score   support\n\n       angry     0.9421    0.9349    0.9385       783\n     disgust     0.9714    0.9903    0.9808       206\n        fear     0.9824    0.9709    0.9766       344\n       happy     0.9371    0.9302    0.9336      1217\n     neutral     0.9821    0.9402    0.9607       117\n         sad     0.9908    0.9908    0.9908       874\n   surprised     0.8770    0.9064    0.8914       598\n\n    accuracy                         0.9471      4139\n   macro avg     0.9547    0.9519    0.9532      4139\nweighted avg     0.9475    0.9471    0.9472      4139\n"
  }
}