{
  "overall_metrics": {
    "accuracy": 0.9151969074655714,
    "precision": 0.9160936867427083,
    "recall": 0.9151969074655714,
    "f1_score": 0.9142065565602626
  },
  "class_performance": {
    "angry": {
      "precision": 0.928030303030303,
      "recall": 0.9459459459459459,
      "f1_score": 0.9369024856596558
    },
    "disgust": {
      "precision": 0.9467455621301775,
      "recall": 0.7729468599033816,
      "f1_score": 0.851063829787234
    },
    "fear": {
      "precision": 0.922360248447205,
      "recall": 0.8865671641791045,
      "f1_score": 0.9041095890410958
    },
    "happy": {
      "precision": 0.916597853014038,
      "recall": 0.9196354598177299,
      "f1_score": 0.9181141439205955
    },
    "neutral": {
      "precision": 0.9647058823529412,
      "recall": 0.7008547008547008,
      "f1_score": 0.8118811881188119
    },
    "sad": {
      "precision": 0.8993775933609959,
      "recall": 0.9774520856820744,
      "f1_score": 0.9367909238249594
    },
    "surprised": {
      "precision": 0.9010067114093959,
      "recall": 0.8817733990147784,
      "f1_score": 0.891286307053942
    }
  },
  "classification_report": "              precision    recall  f1-score   support\n\n       angry     0.9280    0.9459    0.9369       777\n     disgust     0.9467    0.7729    0.8511       207\n        fear     0.9224    0.8866    0.9041       335\n       happy     0.9166    0.9196    0.9181      1207\n     neutral     0.9647    0.7009    0.8119       117\n         sad     0.8994    0.9775    0.9368       887\n   surprised     0.9010    0.8818    0.8913       609\n\n    accuracy                         0.9152      4139\n   macro avg     0.9255    0.8693    0.8929      4139\nweighted avg     0.9161    0.9152    0.9142      4139\n"
}