{
  "mode": "rgb",
  "experiment_name": "multimodal_vit_fer_rgb_20250714_085351",
  "final_metrics": {
    "overall_accuracy": 0.9151969074655714,
    "weighted_f1_score": 0.9142065565602626,
    "weighted_precision": 0.9160936867427083,
    "weighted_recall": 0.9151969074655714,
    "macro_f1_score": 0.8928783524866135,
    "micro_f1_score": 0.9151969074655714,
    "macro_precision": 0.9255463076778653,
    "micro_precision": 0.9151969074655714,
    "macro_recall": 0.8693108021996736,
    "micro_recall": 0.9151969074655714
  },
  "per_class_metrics": {
    "classes": [
      "angry",
      "disgust",
      "fear",
      "happy",
      "neutral",
      "sad",
      "surprised"
    ],
    "accuracy": [
      0.9459459459459459,
      0.7729468599033816,
      0.8865671641791045,
      0.9196354598177299,
      0.7008547008547008,
      0.9774520856820744,
      0.8817733990147784
    ],
    "f1_scores": [
      0.9369024856596558,
      0.851063829787234,
      0.9041095890410958,
      0.9181141439205955,
      0.8118811881188119,
      0.9367909238249594,
      0.891286307053942
    ],
    "precision": [
      0.928030303030303,
      0.9467455621301775,
      0.922360248447205,
      0.916597853014038,
      0.9647058823529412,
      0.8993775933609959,
      0.9010067114093959
    ],
    "recall": [
      0.9459459459459459,
      0.7729468599033816,
      0.8865671641791045,
      0.9196354598177299,
      0.7008547008547008,
      0.9774520856820744,
      0.8817733990147784
    ]
  },
  "confusion_matrix": [
    [
      735,
      4,
      1,
      18,
      2,
      12,
      5
    ],
    [
      15,
      160,
      3,
      4,
      0,
      3,
      22
    ],
    [
      3,
      1,
      297,
      11,
      0,
      19,
      4
    ],
    [
      24,
      2,
      8,
      1110,
      1,
      41,
      21
    ],
    [
      0,
      0,
      2,
      15,
      82,
      17,
      1
    ],
    [
      2,
      1,
      1,
      10,
      0,
      867,
      6
    ],
    [
      13,
      1,
      10,
      43,
      0,
      5,
      537
    ]
  ],
  "training_history": {
    "train": {
      "loss": [
        1.6965460050959191,
        0.9255920665291799,
        0.6523307999974293,
        0.5026711157488869,
        0.41145044088190713,
        0.3549380433066555,
        0.3157376933633935,
        0.2932069366455539,
        0.2788742180387679,
        0.27901972943423337
      ],
      "accuracy": [
        0.3483438104448743,
        0.6439796905222437,
        0.7529013539651838,
        0.8136484526112185,
        0.8500362669245648,
        0.870889748549323,
        0.8860614119922631,
        0.894825918762089,
        0.9012330754352031,
        0.8989966150870407
      ],
      "f1": [
        0.3423446551448777,
        0.6392126366574772,
        0.7510048372265115,
        0.8128588661895728,
        0.849433300619935,
        0.8703946200590942,
        0.8856188186901851,
        0.8944149579561637,
        0.9008509020792415,
        0.8986123500464112
      ],
      "precision": [
        0.3530460223838523,
        0.6466322918298187,
        0.7534560685976303,
        0.8138370878320081,
        0.8502192029820924,
        0.8713080086923597,
        0.8861873856190585,
        0.8947757046912344,
        0.9012723322320007,
        0.8991236322564039
      ],
      "recall": [
        0.3483438104448743,
        0.6439796905222437,
        0.7529013539651838,
        0.8136484526112185,
        0.8500362669245648,
        0.870889748549323,
        0.8860614119922631,
        0.894825918762089,
        0.9012330754352031,
        0.8989966150870407
      ]
    },
    "val": {
      "loss": [
        1.10692919584421,
        0.693121669613398,
        0.5107987934580216,
        0.4233168911475402,
        0.33656716851087715,
        0.2949847896798299,
        0.286309975786851,
        0.2702719702743567,
        0.2590437869899548,
        0.2567333965347363
      ],
      "accuracy": [
        0.5612466779415318,
        0.7402754288475477,
        0.8231456873640977,
        0.8523798018845131,
        0.8840299589272771,
        0.8980430055568978,
        0.9031166948538294,
        0.9086735926552307,
        0.9142304904566321,
        0.9151969074655714
      ],
      "f1": [
        0.5441177038144464,
        0.7359318601878964,
        0.8204738680926587,
        0.8499429989491213,
        0.8829290831310779,
        0.8961097323100994,
        0.9017420720638408,
        0.9072647658065317,
        0.9132667428258803,
        0.9142065565602626
      ],
      "precision": [
        0.578015876496002,
        0.749724072791074,
        0.826454187001428,
        0.8554197444217282,
        0.8867076217921974,
        0.9004289577916763,
        0.9050176886736863,
        0.9100753129548876,
        0.9149868250437853,
        0.9160936867427083
      ],
      "recall": [
        0.5612466779415318,
        0.7402754288475477,
        0.8231456873640977,
        0.8523798018845131,
        0.8840299589272771,
        0.8980430055568978,
        0.9031166948538294,
        0.9086735926552307,
        0.9142304904566321,
        0.9151969074655714
      ]
    }
  },
  "detailed_analysis": {
    "overall_metrics": {
      "accuracy": 0.9151969074655714,
      "precision": 0.9160936867427083,
      "recall": 0.9151969074655714,
      "f1_score": 0.9142065565602626
    },
    "class_performance": {
      "angry": {
        "precision": 0.928030303030303,
        "recall": 0.9459459459459459,
        "f1_score": 0.9369024856596558
      },
      "disgust": {
        "precision": 0.9467455621301775,
        "recall": 0.7729468599033816,
        "f1_score": 0.851063829787234
      },
      "fear": {
        "precision": 0.922360248447205,
        "recall": 0.8865671641791045,
        "f1_score": 0.9041095890410958
      },
      "happy": {
        "precision": 0.916597853014038,
        "recall": 0.9196354598177299,
        "f1_score": 0.9181141439205955
      },
      "neutral": {
        "precision": 0.9647058823529412,
        "recall": 0.7008547008547008,
        "f1_score": 0.8118811881188119
      },
      "sad": {
        "precision": 0.8993775933609959,
        "recall": 0.9774520856820744,
        "f1_score": 0.9367909238249594
      },
      "surprised": {
        "precision": 0.9010067114093959,
        "recall": 0.8817733990147784,
        "f1_score": 0.891286307053942
      }
    },
    "classification_report": "              precision    recall  f1-score   support\n\n       angry     0.9280    0.9459    0.9369       777\n     disgust     0.9467    0.7729    0.8511       207\n        fear     0.9224    0.8866    0.9041       335\n       happy     0.9166    0.9196    0.9181      1207\n     neutral     0.9647    0.7009    0.8119       117\n         sad     0.8994    0.9775    0.9368       887\n   surprised     0.9010    0.8818    0.8913       609\n\n    accuracy                         0.9152      4139\n   macro avg     0.9255    0.8693    0.8929      4139\nweighted avg     0.9161    0.9152    0.9142      4139\n"
  }
}