{
  "overall_metrics": {
    "accuracy": 0.9891278086494323,
    "precision": 0.9891532236443731,
    "recall": 0.9891278086494323,
    "f1_score": 0.9891249343517935
  },
  "class_performance": {
    "angry": {
      "precision": 0.9811557788944724,
      "recall": 0.9961734693877551,
      "f1_score": 0.9886075949367089
    },
    "disgust": {
      "precision": 1.0,
      "recall": 1.0,
      "f1_score": 1.0
    },
    "fear": {
      "precision": 1.0,
      "recall": 0.9969879518072289,
      "f1_score": 0.9984917043740573
    },
    "happy": {
      "precision": 0.9866888519134775,
      "recall": 0.9793559042113955,
      "f1_score": 0.983008702859511
    },
    "neutral": {
      "precision": 1.0,
      "recall": 0.991304347826087,
      "f1_score": 0.9956331877729258
    },
    "sad": {
      "precision": 0.9988623435722411,
      "recall": 0.9977272727272727,
      "f1_score": 0.9982944855031268
    },
    "surprised": {
      "precision": 0.9783333333333334,
      "recall": 0.9783333333333334,
      "f1_score": 0.9783333333333334
    }
  },
  "classification_report": "              precision    recall  f1-score   support\n\n       angry     0.9812    0.9962    0.9886       784\n     disgust     1.0000    1.0000    1.0000       217\n        fear     1.0000    0.9970    0.9985       332\n       happy     0.9867    0.9794    0.9830      1211\n     neutral     1.0000    0.9913    0.9956       115\n         sad     0.9989    0.9977    0.9983       880\n   surprised     0.9783    0.9783    0.9783       600\n\n    accuracy                         0.9891      4139\n   macro avg     0.9921    0.9914    0.9918      4139\nweighted avg     0.9892    0.9891    0.9891      4139\n"
}