{
  "mode": "thermal",
  "experiment_name": "multimodal_vit_fer_thermal_20250810_094359",
  "final_metrics": {
    "overall_accuracy": 0.9891278086494323,
    "weighted_f1_score": 0.9891249343517935,
    "weighted_precision": 0.9891532236443731,
    "weighted_recall": 0.9891278086494323,
    "macro_f1_score": 0.9917670012542377,
    "micro_f1_score": 0.9891278086494323,
    "macro_precision": 0.9921486153876462,
    "micro_precision": 0.9891278086494323,
    "macro_recall": 0.9914117541847247,
    "micro_recall": 0.9891278086494323
  },
  "per_class_metrics": {
    "classes": [
      "angry",
      "disgust",
      "fear",
      "happy",
      "neutral",
      "sad",
      "surprised"
    ],
    "accuracy": [
      0.9961734693877551,
      1.0,
      0.9969879518072289,
      0.9793559042113955,
      0.991304347826087,
      0.9977272727272727,
      0.9783333333333334
    ],
    "f1_scores": [
      0.9886075949367089,
      1.0,
      0.9984917043740573,
      0.983008702859511,
      0.9956331877729258,
      0.9982944855031268,
      0.9783333333333334
    ],
    "precision": [
      0.9811557788944724,
      1.0,
      1.0,
      0.9866888519134775,
      1.0,
      0.9988623435722411,
      0.9783333333333334
    ],
    "recall": [
      0.9961734693877551,
      1.0,
      0.9969879518072289,
      0.9793559042113955,
      0.991304347826087,
      0.9977272727272727,
      0.9783333333333334
    ]
  },
  "confusion_matrix": [
    [
      781,
      0,
      0,
      2,
      0,
      0,
      1
    ],
    [
      0,
      217,
      0,
      0,
      0,
      0,
      0
    ],
    [
      0,
      0,
      331,
      1,
      0,
      0,
      0
    ],
    [
      13,
      0,
      0,
      1186,
      0,
      0,
      12
    ],
    [
      0,
      0,
      0,
      0,
      114,
      1,
      0
    ],
    [
      0,
      0,
      0,
      2,
      0,
      878,
      0
    ],
    [
      2,
      0,
      0,
      11,
      0,
      0,
      587
    ]
  ],
  "training_history": {
    "train": {
      "loss": [
        1.5339915732811682,
        0.7237826949507863,
        0.4283623970627093,
        0.2926080509789677,
        0.21300065361424503,
        0.17077559473378515,
        0.13567498322878918,
        0.11244712967598519,
        0.09925194712836706,
        0.08209537352413675,
        0.07197438122509174,
        0.06302890589715629,
        0.0566448608023899,
        0.05154674156148768,
        0.04568799721703408,
        0.037980655646222966,
        0.03719135979014551,
        0.03128647130540355,
        0.0301936206169962,
        0.029454626638190616,
        0.02488464361534309,
        0.024383245862717305,
        0.02494008608262296,
        0.01954527485282787,
        0.020890610336234277,
        0.01713791302212506,
        0.013858717979321854,
        0.018383467332268307,
        0.018191419798351992,
        0.014561889464898274
      ],
      "accuracy": [
        0.39597437137330754,
        0.7119801740812379,
        0.8334743713733076,
        0.886605415860735,
        0.9198500967117988,
        0.9338733075435203,
        0.9489845261121856,
        0.9564192456479691,
        0.9628868471953579,
        0.9690522243713733,
        0.9717117988394585,
        0.9783002901353965,
        0.9789651837524178,
        0.9812620889748549,
        0.9827127659574468,
        0.9859767891682786,
        0.9871856866537717,
        0.9889990328820116,
        0.9893012572533849,
        0.9898452611218569,
        0.9912959381044487,
        0.992142166344294,
        0.9916586073500967,
        0.9932906189555126,
        0.9930488394584139,
        0.9937741779497099,
        0.9949226305609284,
        0.9940764023210832,
        0.9933510638297872,
        0.9949830754352031
      ],
      "f1": [
        0.3913503256823241,
        0.7104825461775386,
        0.8334756306536717,
        0.8866035167306671,
        0.9198875104174219,
        0.9339391876341494,
        0.9490401029625162,
        0.9564113695828947,
        0.9629137518765136,
        0.9690486485751056,
        0.971726269144877,
        0.9783113320449986,
        0.9789677001575162,
        0.9812691351832232,
        0.9827123935084662,
        0.9859765526205934,
        0.9871819063369819,
        0.9889984522842566,
        0.9893014827495111,
        0.9898455598566366,
        0.9912966246739766,
        0.9921391828085772,
        0.9916595351458926,
        0.9932916705431708,
        0.9930486594796313,
        0.9937737202389358,
        0.994922488172852,
        0.9940739624594876,
        0.9933511617906094,
        0.9949816111836886
      ],
      "precision": [
        0.3894347588954092,
        0.71380625621828,
        0.834710332769393,
        0.8868301973100529,
        0.9199673858666568,
        0.9340407320395221,
        0.9491384649146836,
        0.9564088258051809,
        0.9629710487296461,
        0.9690543413933722,
        0.9717465199540252,
        0.9783268552131974,
        0.9789728219265421,
        0.9812805336739521,
        0.9827139393577506,
        0.9859880571238384,
        0.9871807818065464,
        0.9889992488566229,
        0.9893030727659765,
        0.9898518497209272,
        0.9912979456750666,
        0.992137796181752,
        0.9916608117722826,
        0.9932949438806077,
        0.9930564548600725,
        0.9937764530031239,
        0.9949235678153513,
        0.9940766861696512,
        0.9933516944312752,
        0.9949816444761885
      ],
      "recall": [
        0.39597437137330754,
        0.7119801740812379,
        0.8334743713733076,
        0.886605415860735,
        0.9198500967117988,
        0.9338733075435203,
        0.9489845261121856,
        0.9564192456479691,
        0.9628868471953579,
        0.9690522243713733,
        0.9717117988394585,
        0.9783002901353965,
        0.9789651837524178,
        0.9812620889748549,
        0.9827127659574468,
        0.9859767891682786,
        0.9871856866537717,
        0.9889990328820116,
        0.9893012572533849,
        0.9898452611218569,
        0.9912959381044487,
        0.992142166344294,
        0.9916586073500967,
        0.9932906189555126,
        0.9930488394584139,
        0.9937741779497099,
        0.9949226305609284,
        0.9940764023210832,
        0.9933510638297872,
        0.9949830754352031
      ]
    },
    "val": {
      "loss": [
        1.0457316944232353,
        0.5228093014313624,
        0.34809492196028047,
        0.23797118342839754,
        0.193867864803626,
        0.1635915622401696,
        0.13525261494975824,
        0.11157017845230607,
        0.11788341690284701,
        0.11159095350079812,
        0.10039762995975952,
        0.07986530249651808,
        0.07099678992795257,
        0.08388583898732367,
        0.06090126358859169,
        0.05729239998886792,
        0.06267422157521091,
        0.056810978422716006,
        0.04599883247400822,
        0.04696493483097584,
        0.043530886426043046,
        0.04255081982482807,
        0.04071486706234282,
        0.04040876366830511,
        0.038803244622221636,
        0.04184682726103906,
        0.039180656720572395,
        0.03873090455820672,
        0.037764677106343486,
        0.03770441385817181
      ],