{
  "overall_metrics": {
    "accuracy": 0.8405797101449275,
    "precision": 0.8417993932399077,
    "recall": 0.8405797101449275,
    "f1_score": 0.839977942606659
  },
  "class_performance": {
    "angry": {
      "precision": 0.7914110429447853,
      "recall": 0.8657718120805369,
      "f1_score": 0.8269230769230769
    },
    "disgust": {
      "precision": 0.8085106382978723,
      "recall": 0.76,
      "f1_score": 0.7835051546391752
    },
    "fear": {
      "precision": 0.8115942028985508,
      "recall": 0.7272727272727273,
      "f1_score": 0.7671232876712328
    },
    "happy": {
      "precision": 0.8620689655172413,
      "recall": 0.8130081300813008,
      "f1_score": 0.8368200836820083
    },
    "neutral": {
      "precision": 0.5714285714285714,
      "recall": 0.8,
      "f1_score": 0.6666666666666666
    },
    "sad": {
      "precision": 0.8449197860962567,
      "recall": 0.8359788359788359,
      "f1_score": 0.8404255319148937
    },
    "surprised": {
      "precision": 0.9224137931034483,
      "recall": 1.0,
      "f1_score": 0.9596412556053812
    }
  },
  "classification_report": "              precision    recall  f1-score   support\n\n       angry     0.7914    0.8658    0.8269       149\n     disgust     0.8085    0.7600    0.7835        50\n        fear     0.8116    0.7273    0.7671        77\n       happy     0.8621    0.8130    0.8368       246\n     neutral     0.5714    0.8000    0.6667        10\n         sad     0.8449    0.8360    0.8404       189\n   surprised     0.9224    1.0000    0.9596       107\n\n    accuracy                         0.8406       828\n   macro avg     0.8018    0.8289    0.8116       828\nweighted avg     0.8418    0.8406    0.8400       828\n"
}