{
  "mode": "combined",
  "experiment_name": "multimodal_vit_fer_combined_20250818_121150",
  "final_metrics": {
    "overall_accuracy": 0.8405797101449275,
    "weighted_f1_score": 0.839977942606659,
    "weighted_precision": 0.8417993932399077,
    "weighted_recall": 0.8405797101449275,
    "macro_f1_score": 0.8115864367289192,
    "micro_f1_score": 0.8405797101449275,
    "macro_precision": 0.801763857183818,
    "micro_precision": 0.8405797101449275,
    "macro_recall": 0.8288616436304859,
    "micro_recall": 0.8405797101449275
  },
  "per_class_metrics": {
    "classes": [
      "angry",
      "disgust",
      "fear",
      "happy",
      "neutral",
      "sad",
      "surprised"
    ],
    "accuracy": [
      0.8657718120805369,
      0.76,
      0.7272727272727273,
      0.8130081300813008,
      0.8,
      0.8359788359788359,
      1.0
    ],
    "f1_scores": [
      0.8269230769230769,
      0.7835051546391752,
      0.7671232876712328,
      0.8368200836820083,
      0.6666666666666666,
      0.8404255319148937,
      0.9596412556053812
    ],
    "precision": [
      0.7914110429447853,
      0.8085106382978723,
      0.8115942028985508,
      0.8620689655172413,
      0.5714285714285714,
      0.8449197860962567,
      0.9224137931034483
    ],
    "recall": [
      0.8657718120805369,
      0.76,
      0.7272727272727273,
      0.8130081300813008,
      0.8,
      0.8359788359788359,
      1.0
    ]
  },
  "confusion_matrix": [
    [
      129,
      5,
      2,
      11,
      1,
      1,
      0
    ],
    [
      5,
      38,
      2,
      0,
      1,
      4,
      0
    ],
    [
      3,
      2,
      56,
      7,
      2,
      7,
      0
    ],
    [
      26,
      0,
      1,
      200,
      2,
      17,
      0
    ],
    [
      0,
      0,
      0,
      2,
      8,
      0,
      0
    ],
    [
      0,
      2,
      8,
      12,
      0,
      158,
      9
    ],
    [
      0,
      0,
      0,
      0,
      0,
      0,
      107
    ]
  ],
  "training_history": {
    "train": {
      "loss": [
        1.9606697918141929,
        1.5122707625037257,
        1.2586176511153435,
        1.1168576750940489,
        1.011412497284343,
        0.901549211404856,
        0.8500279390696183,
        0.7893137110089793,
        0.7360835839243769,
        0.6907022418906388,
        0.667337805322073,
        0.631592648700603,
        0.590573958690884,
        0.5623603712007837,
        0.5389212945711266,
        0.5268159973100551,
        0.497429913542803,
        0.4927400312956097,
        0.4841475998892367,
        0.48368829156009896,
        0.46860852519285334,
        0.44255808704686395,
        0.45355695775411664,
        0.4379540606609826,
        0.42510882092332375,
        0.423711735791373,
        0.4141330687166418,
        0.42433053457621234,
        0.41260452626399624,
        0.4307246621951316
      ],
      "accuracy": [
        0.2412014563106796,
        0.41565533980582525,
        0.5078883495145631,
        0.5470266990291263,
        0.5782766990291263,
        0.627123786407767,
        0.6416868932038835,
        0.6623179611650486,
        0.6935679611650486,
        0.71875,
        0.7242111650485437,
        0.7351334951456311,
        0.7630461165048543,
        0.7721480582524272,
        0.7806432038834952,
        0.7830703883495146,
        0.7967233009708737,
        0.7997572815533981,
        0.7985436893203883,
        0.8015776699029126,
        0.8076456310679612,
        0.8279733009708737,
        0.8085558252427184,
        0.8152305825242718,
        0.8337378640776699,
        0.8222087378640777,
        0.8279733009708737,
        0.8273665048543689,
        0.8310072815533981,
        0.8197815533980582
      ],
      "f1": [
        0.2388870512362966,
        0.3920609311477406,
        0.48686601115101985,
        0.5292935809151843,
        0.5656108038615097,
        0.6157727899134717,
        0.6347745151718757,
        0.6556017183526374,
        0.6889858159021888,
        0.713892991293161,
        0.7210559837876408,
        0.7325450438934793,
        0.761206938442096,
        0.7703555344936694,
        0.7791549260563027,
        0.781747488602898,
        0.7950811951582086,
        0.7988396362892238,
        0.7972450908949332,
        0.8003818153499257,
        0.8065163325924828,
        0.8267193184547045,
        0.8076759594364292,
        0.8141737025550696,
        0.8328177259059618,
        0.8217477323510638,
        0.8269193815209223,
        0.8261688159615147,
        0.8304273242883947,
        0.8187658087237748
      ],
      "precision": [
        0.23954196294578542,
        0.39336926189850835,
        0.48843179924840824,
        0.5324974191002737,
        0.5638951552202632,
        0.617287488843762,
        0.640146665419236,
        0.6591496733297315,
        0.6945345922061703,
        0.7181989646432697,
        0.7231643616740986,
        0.7339383423307305,
        0.7622970836202693,
        0.7710569959610905,
        0.779813871011252,
        0.7827957768279318,
        0.7956720275861516,
        0.7991724424723169,
        0.7977520598243352,
        0.8002651533303241,
        0.8077033431779476,
        0.827708051706915,
        0.8077651752195107,
        0.8143106333375827,
        0.8338737345153068,
        0.822413232287137,
        0.8278457485040515,
        0.826905250967539,
        0.8311302242031824,
        0.8198256225213696
      ],
      "recall": [
        0.2412014563106796,
        0.41565533980582525,
        0.5078883495145631,
        0.5470266990291263,
        0.5782766990291263,
        0.627123786407767,
        0.6416868932038835,
        0.6623179611650486,
        0.6935679611650486,
        0.71875,
        0.7242111650485437,
        0.7351334951456311,
        0.7630461165048543,
        0.7721480582524272,
        0.7806432038834952,
        0.7830703883495146,
        0.7967233009708737,
        0.7997572815533981,
        0.7985436893203883,
        0.8015776699029126,
        0.8076456310679612,
        0.8279733009708737,
        0.8085558252427184,
        0.8152305825242718,
        0.8337378640776699,
        0.8222087378640777,
        0.8279733009708737,
        0.8273665048543689,
        0.8310072815533981,
        0.8197815533980582
      ]
    },
    "val": {
      "loss": [
        1.6564105382332435,
        1.2952813047629137,
        1.1138917734989753,
        1.0124695484454815,
        0.9251484779211191,
        0.875384312409621,
        0.8048075712644137,
        0.7370437910923591,
        0.7161919680925516,
        0.673684149980545,
        0.6004097496087735,
        0.5747870928966082,
        0.5443490755099517,
        0.5286069237268888,
        0.49224837238972,
        0.48475152483353245,
        0.4655015984406838,
        0.47135422092217666,
        0.46867657051636624,
        0.47012578409451705,
        0.4476021218758363,
        0.45294346603063435,
        0.4309916284221869,
        0.4274879086476106,
        0.42505133152008057,
        0.4199757386858647,
        0.42050144420220303,
        0.4256304284700981,
        0.42406831280543256,
        0.42400957300112796
      ],